{"summary/avg_score_gap":0.005124937907740634,"_runtime":3556,"summary/avg_models_saved":11,"_step":0,"summary/pct_memory":100,"_timestamp":1.7791692186955125e+09,"_wandb":{"runtime":3556},"summary/pct_fallback":0,"summary/avg_similarity":0.9979769000000001,"summary/validated_count":17}